{"meta": {"format": 3, "version": "7.8.2", "timestamp": "2025-07-24T10:26:14.733632", "branch_coverage": false, "show_contexts": false}, "files": {"dfls_semantic_codegen.py": {"executed_lines": [2, 10, 11, 12, 13, 14, 15, 16, 17, 18, 20, 21, 22, 23, 24, 25, 26, 27, 30, 31, 34, 35, 38, 39, 42, 54, 55, 56, 58, 59, 60, 61, 62, 63, 64, 65, 66, 67, 68, 69, 70, 71, 77, 78, 80, 81, 82, 83, 84, 87, 88, 90, 92, 94, 99, 100, 101, 102, 103, 104, 105, 109, 111, 112, 113, 114, 117, 118, 119, 121, 123, 124, 125, 126, 128, 129, 130, 131, 134, 135, 136, 137, 139, 140, 143, 144, 146, 148, 150, 151, 153, 156, 166, 168, 169, 170, 173, 174, 175, 176, 177, 178, 179, 180, 182, 183, 185, 186, 187, 189, 191, 193, 196, 197, 198, 199, 202, 209, 210, 211, 213, 214, 215, 217, 218, 219, 220, 221, 222, 228, 229, 231, 232, 233, 234, 237, 240, 248, 251, 253, 255, 258, 260, 261, 263, 264, 265, 267, 269, 271, 272, 273, 274, 276, 278, 279, 280, 282, 283, 284, 286, 288, 289, 290, 291, 293, 295, 297, 298, 299, 300, 301, 302, 304, 307, 308, 309, 310, 311, 313, 317, 471, 537, 542, 543, 544, 545, 546, 548, 552, 559, 562, 563, 565, 566, 567, 573, 574, 576, 577, 578, 579, 582, 590, 592, 596, 601, 602, 604, 607, 612, 623, 624, 627, 628, 630, 631, 633, 637, 642, 643, 645, 648, 653, 663, 664, 667, 668, 670, 671, 673, 676, 682, 684, 685, 686, 692, 694, 696, 697, 698, 706, 708, 710, 712, 714, 715, 717, 718, 719, 720, 722, 723, 727, 728, 729, 731, 732, 734, 736, 738, 739, 747, 753, 754, 763, 774, 775, 778, 779, 781, 782, 783, 784, 785, 787, 788, 789, 790, 792, 793, 799, 802, 805, 806, 808, 809, 818, 819, 828, 829, 832, 835, 842, 847, 849, 850, 851, 852, 853, 854, 855, 856, 860, 866, 868, 869, 870, 871, 872, 873, 876, 877, 878, 879, 880, 881, 883, 884, 893, 894, 897, 898, 899, 909, 910, 911, 914, 917, 918, 919, 920, 925, 928, 929, 930, 931, 933, 936, 937, 938, 939, 942, 943, 946, 947, 948, 950, 951, 957, 958, 959, 960, 961, 962, 963, 969, 971, 972, 973, 974, 976, 977, 980, 981, 982, 984, 986, 988, 990, 991, 992, 993, 994, 1000], "summary": {"covered_lines": 369, "num_statements": 394, "percent_covered": 93.65482233502539, "percent_covered_display": "94", "missing_lines": 25, "excluded_lines": 2}, "missing_lines": [106, 107, 725, 811, 812, 813, 815, 816, 836, 838, 839, 840, 843, 844, 858, 862, 863, 867, 901, 921, 922, 923, 924, 953, 954], "excluded_lines": [1000, 1001], "functions": {"SemanticGraphManager.__init__": {"executed_lines": [81, 82, 83, 84, 87, 88, 90], "summary": {"covered_lines": 7, "num_statements": 7, "percent_covered": 100.0, "percent_covered_display": "100", "missing_lines": 0, "excluded_lines": 0}, "missing_lines": [], "excluded_lines": []}, "SemanticGraphManager._load_core_ontologies": {"executed_lines": [94, 99, 100, 101, 102, 103, 104, 105], "summary": {"covered_lines": 8, "num_statements": 10, "percent_covered": 80.0, "percent_covered_display": "80", "missing_lines": 2, "excluded_lines": 0}, "missing_lines": [106, 107], "excluded_lines": []}, "SemanticGraphManager._load_sparql_queries": {"executed_lines": [111, 112, 113, 114, 117, 118, 119], "summary": {"covered_lines": 7, "num_statements": 7, "percent_covered": 100.0, "percent_covered_display": "100", "missing_lines": 0, "excluded_lines": 0}, "missing_lines": [], "excluded_lines": []}, "SemanticGraphManager._parse_sparql_queries": {"executed_lines": [123, 124, 125, 126, 128, 129, 130, 131, 134, 135, 136, 137, 139, 140, 143, 144, 146], "summary": {"covered_lines": 17, "num_statements": 17, "percent_covered": 100.0, "percent_covered_display": "100", "missing_lines": 0, "excluded_lines": 0}, "missing_lines": [], "excluded_lines": []}, "SemanticGraphManager.execute_sparql_query": {"executed_lines": [150, 151, 153, 156, 166, 168, 169, 170, 173, 174, 175, 176, 177, 178, 179, 180, 182, 183, 185, 186, 187], "summary": {"covered_lines": 21, "num_statements": 21, "percent_covered": 100.0, "percent_covered_display": "100", "missing_lines": 0, "excluded_lines": 0}, "missing_lines": [], "excluded_lines": []}, "SemanticGraphManager.validate_with_shacl": {"executed_lines": [191, 193, 196, 197, 198, 199, 202, 209, 210, 211, 213, 214, 215, 217, 218, 219, 220, 221, 222], "summary": {"covered_lines": 19, "num_statements": 19, "percent_covered": 100.0, "percent_covered_display": "100", "missing_lines": 0, "excluded_lines": 0}, "missing_lines": [], "excluded_lines": []}, "DFLSTemplateEngine.__init__": {"executed_lines": [232, 233, 234, 237, 240, 248, 251, 253], "summary": {"covered_lines": 8, "num_statements": 8, "percent_covered": 100.0, "percent_covered_display": "100", "missing_lines": 0, "excluded_lines": 0}, "missing_lines": [], "excluded_lines": []}, "DFLSTemplateEngine._setup_erlang_filters": {"executed_lines": [258, 269, 276, 286, 295, 307, 308, 309, 310, 311], "summary": {"covered_lines": 10, "num_statements": 10, "percent_covered": 100.0, "percent_covered_display": "100", "missing_lines": 0, "excluded_lines": 0}, "missing_lines": [], "excluded_lines": []}, "DFLSTemplateEngine._setup_erlang_filters.erlang_atom": {"executed_lines": [260, 261, 263, 264, 265, 267], "summary": {"covered_lines": 6, "num_statements": 6, "percent_covered": 100.0, "percent_covered_display": "100", "missing_lines": 0, "excluded_lines": 0}, "missing_lines": [], "excluded_lines": []}, "DFLSTemplateEngine._setup_erlang_filters.erlang_string": {"executed_lines": [271, 272, 273, 274], "summary": {"covered_lines": 4, "num_statements": 4, "percent_covered": 100.0, "percent_covered_display": "100", "missing_lines": 0, "excluded_lines": 0}, "missing_lines": [], "excluded_lines": []}, "DFLSTemplateEngine._setup_erlang_filters.erlang_module_name": {"executed_lines": [278, 279, 280, 282, 283, 284], "summary": {"covered_lines": 6, "num_statements": 6, "percent_covered": 100.0, "percent_covered_display": "100", "missing_lines": 0, "excluded_lines": 0}, "missing_lines": [], "excluded_lines": []}, "DFLSTemplateEngine._setup_erlang_filters.format_latency": {"executed_lines": [288, 289, 290, 291, 293], "summary": {"covered_lines": 5, "num_statements": 5, "percent_covered": 100.0, "percent_covered_display": "100", "missing_lines": 0, "excluded_lines": 0}, "missing_lines": [], "excluded_lines": []}, "DFLSTemplateEngine._setup_erlang_filters.quality_rating": {"executed_lines": [297, 298, 299, 300, 301, 302, 304], "summary": {"covered_lines": 7, "num_statements": 7, "percent_covered": 100.0, "percent_covered_display": "100", "missing_lines": 0, "excluded_lines": 0}, "missing_lines": [], "excluded_lines": []}, "DFLSTemplateEngine._create_default_templates": {"executed_lines": [317, 471, 537, 542, 543, 544, 545, 546], "summary": {"covered_lines": 8, "num_statements": 8, "percent_covered": 100.0, "percent_covered_display": "100", "missing_lines": 0, "excluded_lines": 0}, "missing_lines": [], "excluded_lines": []}, "DFLSTemplateEngine.render_template": {"executed_lines": [552, 559, 562, 563, 565, 566, 567], "summary": {"covered_lines": 7, "num_statements": 7, "percent_covered": 100.0, "percent_covered_display": "100", "missing_lines": 0, "excluded_lines": 0}, "missing_lines": [], "excluded_lines": []}, "ErlangOTPGenerator.__init__": {"executed_lines": [577, 578, 579, 582, 590], "summary": {"covered_lines": 5, "num_statements": 5, "percent_covered": 100.0, "percent_covered_display": "100", "missing_lines": 0, "excluded_lines": 0}, "missing_lines": [], "excluded_lines": []}, "ErlangOTPGenerator.generate_genserver": {"executed_lines": [596, 601, 602, 604, 607, 612, 623, 624, 627, 628, 630, 631], "summary": {"covered_lines": 12, "num_statements": 12, "percent_covered": 100.0, "percent_covered_display": "100", "missing_lines": 0, "excluded_lines": 0}, "missing_lines": [], "excluded_lines": []}, "ErlangOTPGenerator.generate_supervisor": {"executed_lines": [637, 642, 643, 645, 648, 653, 663, 664, 667, 668, 670, 671], "summary": {"covered_lines": 12, "num_statements": 12, "percent_covered": 100.0, "percent_covered_display": "100", "missing_lines": 0, "excluded_lines": 0}, "missing_lines": [],