{
  "timestamp": 1753327514.1328151,
  "summary": {
    "total_tests": 4,
    "average_speedup": 2.495841508840587,
    "total_operations_per_second": 172847784.01473826
  },
  "results": [
    {
      "test_name": "Hash_Optimization",
      "duration": 0.0040929317474365234,
      "operations_count": 10000,
      "operations_per_second": 2443236.442010835,
      "memory_mb": 35.421875,
      "speedup_factor": 0.20224850002912564
    },
    {
      "test_name": "Constraint_Optimization",
      "duration": 0.00015497207641601562,
      "operations_count": 1000,
      "operations_per_second": 6452775.384615385,
      "memory_mb": 34.421875,
      "speedup_factor": 1.0061538461538462
    },
    {
      "test_name": "Memory_Optimization",
      "duration": 0.0019698143005371094,
      "operations_count": 10000,
      "operations_per_second": 5076620.672960542,
      "memory_mb": 0.125,
      "speedup_factor": 1.1499636891793754
    },
    {
      "test_name": "Bytecode_Optimization",
      "duration": 6.29425048828125e-05,
      "operations_count": 10000,
      "operations_per_second": 158875151.5151515,
      "memory_mb": 42.125,
      "speedup_factor": 7.625
    }
  ]
}